Tijdstempel;Which choice would best describe your ROLE?;What is your AGE?;In which COUNTRY are you located?;Gender;Which point of view would best describe your PERSPECTIVE (if not any, just choose the one you can relate to most)?;Question;Answer
16-11-2021 22:04;Lehrer:in;45-54 Jahre;Deutschland;weiblich;Bildungseinrichtung;Do you agree AI (Artificial Intelligence) based methods can HELP PLANNING AND REVISING a study program's learning curriculum? (Optional);5
16-11-2021 22:04;Lehrer:in;45-54 Jahre;Deutschland;weiblich;Bildungseinrichtung;Do you agree AI can help students, job seekers and employees FIND a fitting STUDY PROGRAM to enhance their skill set? (Optional);5
16-11-2021 22:04;Lehrer:in;45-54 Jahre;Deutschland;weiblich;Bildungseinrichtung;How much TIME did/do you spend ON FITTING STUDY CURRICULA to employers' demands / the requirements of the labor market (the whole process)?;10-20 Stunden
16-11-2021 22:04;Lehrer:in;45-54 Jahre;Deutschland;weiblich;Bildungseinrichtung;How much TIME do you spend weekly ON ADVISING STUDY PROGRAMS to students?;1-5 Stunden
16-11-2021 22:04;Lehrer:in;45-54 Jahre;Deutschland;weiblich;Bildungseinrichtung;Do you agree Skill Scanner would help education institutes to design study programs more EFFECTIVELY?;4
16-11-2021 22:04;Lehrer:in;45-54 Jahre;Deutschland;weiblich;Bildungseinrichtung;Do you agree Skill Scanner would help education institutes to design study programs in a more EXPLAINABLE way? ;3
16-11-2021 22:04;Lehrer:in;45-54 Jahre;Deutschland;weiblich;Bildungseinrichtung;Do you agree Skill Scanner would help learning institutes to ACCELERATE their study program design processes?;4
16-11-2021 22:04;Lehrer:in;45-54 Jahre;Deutschland;weiblich;Bildungseinrichtung;Do you agree Skill Scanner would help education institutes to ADVICE and ATTRACT students by recommending appropriate study programs that fill their SKILL GAPS?;4
16-11-2021 22:04;Lehrer:in;45-54 Jahre;Deutschland;weiblich;Bildungseinrichtung;Do you agree Skill Scanner would help students of your education institute in planning their DEVELOPMENT more AUTONOMOUSLY?;5
16-11-2021 22:04;Lehrer:in;45-54 Jahre;Deutschland;weiblich;Bildungseinrichtung;Would you USE Skill Scanner in your work?_3;ja
16-11-2021 22:04;Lehrer:in;45-54 Jahre;Deutschland;weiblich;Bildungseinrichtung;Do you have any REMARKS regarding using Skill Scanner?_4;Wie geht der Scanner mit Selbstüberschätzung von Suchenden um?
16-11-2021 22:04;Lehrer:in;45-54 Jahre;Deutschland;weiblich;Bildungseinrichtung;Do you have any ideas for IMPROVEMENT or use cases of Skill Scanner?_5;Skill-Angaben mit kurzen Tests validieren?
16-11-2021 22:04;Lehrer:in;45-54 Jahre;Deutschland;weiblich;Bildungseinrichtung;How do you LIKE Skill Scanner's interface?;2
16-11-2021 22:04;Lehrer:in;45-54 Jahre;Deutschland;weiblich;Bildungseinrichtung;What's the main reason for your score?;Ein Screenshot ist nicht aussagekräftig. Die verschiedenen Schriftgrößen stören. Neben Drop sollte es einen alternativen Uploadbutton geben.
16-11-2021 22:04;Lehrer:in;45-54 Jahre;Deutschland;weiblich;Bildungseinrichtung;What would you CHANGE in Skill Scanner's interface?;Farben, Kontraste, Interaktionselemente
16-11-2021 22:04;Lehrer:in;45-54 Jahre;Deutschland;weiblich;Bildungseinrichtung;What would you ADD to Skill Scanner's interface? ;"Einen ""Sprachumschalter"""
16-11-2021 22:20;Fachmann/frau für Weiterbildung und Entwicklung;45-54 Jahre;Deutschland;weiblich;Bildungseinrichtung;Do you agree AI (Artificial Intelligence) based methods can HELP PLANNING AND REVISING a study program's learning curriculum? (Optional);4
16-11-2021 22:20;Fachmann/frau für Weiterbildung und Entwicklung;45-54 Jahre;Deutschland;weiblich;Bildungseinrichtung;Do you agree AI can help students, job seekers and employees FIND a fitting STUDY PROGRAM to enhance their skill set? (Optional);4
16-11-2021 22:20;Fachmann/frau für Weiterbildung und Entwicklung;45-54 Jahre;Deutschland;weiblich;Bildungseinrichtung;How much TIME did/do you spend ON FITTING STUDY CURRICULA to employers' demands / the requirements of the labor market (the whole process)?;20-30 Stunden
16-11-2021 22:20;Fachmann/frau für Weiterbildung und Entwicklung;45-54 Jahre;Deutschland;weiblich;Bildungseinrichtung;How much TIME do you spend weekly ON ADVISING STUDY PROGRAMS to students?;0 Stunden / nicht zutreffend
16-11-2021 22:20;Fachmann/frau für Weiterbildung und Entwicklung;45-54 Jahre;Deutschland;weiblich;Bildungseinrichtung;Do you agree Skill Scanner would help education institutes to design study programs more EFFECTIVELY?;4
16-11-2021 22:20;Fachmann/frau für Weiterbildung und Entwicklung;45-54 Jahre;Deutschland;weiblich;Bildungseinrichtung;Do you agree Skill Scanner would help education institutes to design study programs in a more EXPLAINABLE way? ;3
16-11-2021 22:20;Fachmann/frau für Weiterbildung und Entwicklung;45-54 Jahre;Deutschland;weiblich;Bildungseinrichtung;Do you agree Skill Scanner would help learning institutes to ACCELERATE their study program design processes?;4
16-11-2021 22:20;Fachmann/frau für Weiterbildung und Entwicklung;45-54 Jahre;Deutschland;weiblich;Bildungseinrichtung;Do you agree Skill Scanner would help education institutes to ADVICE and ATTRACT students by recommending appropriate study programs that fill their SKILL GAPS?;3
16-11-2021 22:20;Fachmann/frau für Weiterbildung und Entwicklung;45-54 Jahre;Deutschland;weiblich;Bildungseinrichtung;Do you agree Skill Scanner would help students of your education institute in planning their DEVELOPMENT more AUTONOMOUSLY?;4
16-11-2021 22:20;Fachmann/frau für Weiterbildung und Entwicklung;45-54 Jahre;Deutschland;weiblich;Bildungseinrichtung;Would you USE Skill Scanner in your work?_3;ja
16-11-2021 22:20;Fachmann/frau für Weiterbildung und Entwicklung;45-54 Jahre;Deutschland;weiblich;Bildungseinrichtung;How do you LIKE Skill Scanner's interface?;3
16-11-2021 22:21;Professor;35-44 Jahre;United Kingdom;männlich;Bildungseinrichtung;Do you agree AI (Artificial Intelligence) based methods can HELP PLANNING AND REVISING a study program's learning curriculum? (Optional);2
16-11-2021 22:21;Professor;35-44 Jahre;United Kingdom;männlich;Bildungseinrichtung;Do you agree AI can help students, job seekers and employees FIND a fitting STUDY PROGRAM to enhance their skill set? (Optional);2
16-11-2021 22:21;Professor;35-44 Jahre;United Kingdom;männlich;Bildungseinrichtung;How much TIME did/do you spend ON FITTING STUDY CURRICULA to employers' demands / the requirements of the labor market (the whole process)?;0 Stunden / nicht zutreffend
16-11-2021 22:21;Professor;35-44 Jahre;United Kingdom;männlich;Bildungseinrichtung;How much TIME do you spend weekly ON ADVISING STUDY PROGRAMS to students?;0 Stunden / nicht zutreffend
16-11-2021 22:21;Professor;35-44 Jahre;United Kingdom;männlich;Bildungseinrichtung;Do you agree Skill Scanner would help education institutes to design study programs more EFFECTIVELY?;3
16-11-2021 22:21;Professor;35-44 Jahre;United Kingdom;männlich;Bildungseinrichtung;Do you agree Skill Scanner would help education institutes to design study programs in a more EXPLAINABLE way? ;3
16-11-2021 22:21;Professor;35-44 Jahre;United Kingdom;männlich;Bildungseinrichtung;Do you agree Skill Scanner would help learning institutes to ACCELERATE their study program design processes?;1
16-11-2021 22:21;Professor;35-44 Jahre;United Kingdom;männlich;Bildungseinrichtung;Do you agree Skill Scanner would help education institutes to ADVICE and ATTRACT students by recommending appropriate study programs that fill their SKILL GAPS?;3
16-11-2021 22:21;Professor;35-44 Jahre;United Kingdom;männlich;Bildungseinrichtung;Do you agree Skill Scanner would help students of your education institute in planning their DEVELOPMENT more AUTONOMOUSLY?;3
16-11-2021 22:21;Professor;35-44 Jahre;United Kingdom;männlich;Bildungseinrichtung;Would you USE Skill Scanner in your work?_3;nein
16-11-2021 22:21;Professor;35-44 Jahre;United Kingdom;männlich;Bildungseinrichtung;Do you have any REMARKS regarding using Skill Scanner?_4;Ich habe nicht verstanden, wie das genau funktioniert. 
16-11-2021 22:21;Professor;35-44 Jahre;United Kingdom;männlich;Bildungseinrichtung;How do you LIKE Skill Scanner's interface?;3
16-11-2021 22:21;Professor;35-44 Jahre;United Kingdom;männlich;Bildungseinrichtung;What's the main reason for your score?;Sieht das Kay aus, aber ich liebe es nicht. 
17-11-2021 06:42;Lehrer:in;45-54 Jahre;Deutschland;männlich;Arbeitsgeber:in;Do you agree AI (Artificial Intelligence) based methods can HELP with RECRUITMENT? (Optional);5
17-11-2021 06:42;Lehrer:in;45-54 Jahre;Deutschland;männlich;Arbeitsgeber:in;Do you agree AI can help job seekers and employees FIND a fitting STUDY PROGRAM to enhance their skill set? (Optional)_1;5
17-11-2021 06:42;Lehrer:in;45-54 Jahre;Deutschland;männlich;Arbeitsgeber:in;How much TIME do you spend weekly REVIEWING CVs?;0 Stunden / nicht zutreffend
17-11-2021 06:42;Lehrer:in;45-54 Jahre;Deutschland;männlich;Arbeitsgeber:in;How much TIME do you spend weekly REVIEWING applicants' MOTIVATION LETTERS?;0 Stunden / nicht zutreffend
17-11-2021 06:42;Lehrer:in;45-54 Jahre;Deutschland;männlich;Arbeitsgeber:in;How much TIME did/do you spend ON FINDING A FITTING TRAINING/COACHING PROGRAM for your employees (the whole process)?;1-5 Stunden
17-11-2021 06:42;Lehrer:in;45-54 Jahre;Deutschland;männlich;Arbeitsgeber:in;Do you agree Skill Scanner would help employers find and select applicants more EFFECTIVELY?;4
17-11-2021 06:42;Lehrer:in;45-54 Jahre;Deutschland;männlich;Arbeitsgeber:in;Do you agree Skill Scanner would help employers to find and select applicants in a more EXPLAINABLE way? ;4
17-11-2021 06:42;Lehrer:in;45-54 Jahre;Deutschland;männlich;Arbeitsgeber:in;Do you agree Skill Scanner would help employers to ACCELERATE the recruiting processes?;4
17-11-2021 06:42;Lehrer:in;45-54 Jahre;Deutschland;männlich;Arbeitsgeber:in;Do you agree Skill Scanner would help employers to find and select applicants in a FAIRER way?;5
17-11-2021 06:42;Lehrer:in;45-54 Jahre;Deutschland;männlich;Arbeitsgeber:in;Do you agree Skill Scanner helps employers to FIND and SELECT a fitting TRAINING program to fill their employees' SKILL GAPS?;4
17-11-2021 06:42;Lehrer:in;45-54 Jahre;Deutschland;männlich;Arbeitsgeber:in;Do you agree Skill Scanner would help employees in planning their DEVELOPMENT more AUTONOMOUSLY?;3
17-11-2021 06:42;Lehrer:in;45-54 Jahre;Deutschland;männlich;Arbeitsgeber:in;Would you USE Skill Scanner in your work?;vielleicht
17-11-2021 06:42;Lehrer:in;45-54 Jahre;Deutschland;männlich;Arbeitsgeber:in;How do you LIKE Skill Scanner's interface?;5
17-11-2021 06:42;Lehrer:in;45-54 Jahre;Deutschland;männlich;Arbeitsgeber:in;What's the main reason for your score?;Einfach
17-11-2021 07:20;Lehrer:in;35-44 Jahre;Deutschland;weiblich;Bildungseinrichtung;Do you agree AI (Artificial Intelligence) based methods can HELP PLANNING AND REVISING a study program's learning curriculum? (Optional);4
17-11-2021 07:20;Lehrer:in;35-44 Jahre;Deutschland;weiblich;Bildungseinrichtung;Do you agree AI can help students, job seekers and employees FIND a fitting STUDY PROGRAM to enhance their skill set? (Optional);3
17-11-2021 07:20;Lehrer:in;35-44 Jahre;Deutschland;weiblich;Bildungseinrichtung;How much TIME did/do you spend ON FITTING STUDY CURRICULA to employers' demands / the requirements of the labor market (the whole process)?;0 Stunden / nicht zutreffend
17-11-2021 07:20;Lehrer:in;35-44 Jahre;Deutschland;weiblich;Bildungseinrichtung;How much TIME do you spend weekly ON ADVISING STUDY PROGRAMS to students?;0 Stunden / nicht zutreffend
17-11-2021 07:20;Lehrer:in;35-44 Jahre;Deutschland;weiblich;Bildungseinrichtung;Do you agree Skill Scanner would help education institutes to design study programs more EFFECTIVELY?;4
17-11-2021 07:20;Lehrer:in;35-44 Jahre;Deutschland;weiblich;Bildungseinrichtung;Do you agree Skill Scanner would help education institutes to design study programs in a more EXPLAINABLE way? ;5
17-11-2021 07:20;Lehrer:in;35-44 Jahre;Deutschland;weiblich;Bildungseinrichtung;Do you agree Skill Scanner would help learning institutes to ACCELERATE their study program design processes?;4
17-11-2021 07:20;Lehrer:in;35-44 Jahre;Deutschland;weiblich;Bildungseinrichtung;Do you agree Skill Scanner would help education institutes to ADVICE and ATTRACT students by recommending appropriate study programs that fill their SKILL GAPS?;3
17-11-2021 07:20;Lehrer:in;35-44 Jahre;Deutschland;weiblich;Bildungseinrichtung;Do you agree Skill Scanner would help students of your education institute in planning their DEVELOPMENT more AUTONOMOUSLY?;3
17-11-2021 07:20;Lehrer:in;35-44 Jahre;Deutschland;weiblich;Bildungseinrichtung;Would you USE Skill Scanner in your work?_3;vielleicht
17-11-2021 07:20;Lehrer:in;35-44 Jahre;Deutschland;weiblich;Bildungseinrichtung;How do you LIKE Skill Scanner's interface?;4
17-11-2021 07:20;Lehrer:in;35-44 Jahre;Deutschland;weiblich;Bildungseinrichtung;What's the main reason for your score?;einfache Oberfläche
17-11-2021 07:20;Lehrer:in;35-44 Jahre;Deutschland;weiblich;Bildungseinrichtung;What would you CHANGE in Skill Scanner's interface?;etwas freundlicher
17-11-2021 07:20;Lehrer:in;35-44 Jahre;Deutschland;weiblich;Bildungseinrichtung;What would you ADD to Skill Scanner's interface? ;Das der Teilnehmer auch persönlich Fähigkeiten und Wünsche, was er verbessern möchte, eintragen kann.
17-11-2021 07:21;Lehrer:in;35-44 Jahre;Deutschland;männlich;Bildungseinrichtung;Do you agree AI (Artificial Intelligence) based methods can HELP PLANNING AND REVISING a study program's learning curriculum? (Optional);4
17-11-2021 07:21;Lehrer:in;35-44 Jahre;Deutschland;männlich;Bildungseinrichtung;Do you agree AI can help students, job seekers and employees FIND a fitting STUDY PROGRAM to enhance their skill set? (Optional);4
17-11-2021 07:21;Lehrer:in;35-44 Jahre;Deutschland;männlich;Bildungseinrichtung;How much TIME did/do you spend ON FITTING STUDY CURRICULA to employers' demands / the requirements of the labor market (the whole process)?;0 Stunden / nicht zutreffend
17-11-2021 07:21;Lehrer:in;35-44 Jahre;Deutschland;männlich;Bildungseinrichtung;How much TIME do you spend weekly ON ADVISING STUDY PROGRAMS to students?;0 Stunden / nicht zutreffend
17-11-2021 07:21;Lehrer:in;35-44 Jahre;Deutschland;männlich;Bildungseinrichtung;Do you agree Skill Scanner would help education institutes to design study programs more EFFECTIVELY?;4
17-11-2021 07:21;Lehrer:in;35-44 Jahre;Deutschland;männlich;Bildungseinrichtung;Do you agree Skill Scanner would help education institutes to design study programs in a more EXPLAINABLE way? ;3
17-11-2021 07:21;Lehrer:in;35-44 Jahre;Deutschland;männlich;Bildungseinrichtung;Do you agree Skill Scanner would help learning institutes to ACCELERATE their study program design processes?;4
17-11-2021 07:21;Lehrer:in;35-44 Jahre;Deutschland;männlich;Bildungseinrichtung;Do you agree Skill Scanner would help education institutes to ADVICE and ATTRACT students by recommending appropriate study programs that fill their SKILL GAPS?;4
17-11-2021 07:21;Lehrer:in;35-44 Jahre;Deutschland;männlich;Bildungseinrichtung;Do you agree Skill Scanner would help students of your education institute in planning their DEVELOPMENT more AUTONOMOUSLY?;4
17-11-2021 07:21;Lehrer:in;35-44 Jahre;Deutschland;männlich;Bildungseinrichtung;Would you USE Skill Scanner in your work?_3;ja
17-11-2021 07:21;Lehrer:in;35-44 Jahre;Deutschland;männlich;Bildungseinrichtung;How do you LIKE Skill Scanner's interface?;1
17-11-2021 07:21;Lehrer:in;35-44 Jahre;Deutschland;männlich;Bildungseinrichtung;What's the main reason for your score?;Unübersichtlich, unterschiedliche Schriftgrößen
17-11-2021 08:06;Lehrer:in;35-44 Jahre;Deutschland;weiblich;Bildungseinrichtung;Do you agree AI (Artificial Intelligence) based methods can HELP PLANNING AND REVISING a study program's learning curriculum? (Optional);3
17-11-2021 08:06;Lehrer:in;35-44 Jahre;Deutschland;weiblich;Bildungseinrichtung;Do you agree AI can help students, job seekers and employees FIND a fitting STUDY PROGRAM to enhance their skill set? (Optional);3
17-11-2021 08:06;Lehrer:in;35-44 Jahre;Deutschland;weiblich;Bildungseinrichtung;How much TIME did/do you spend ON FITTING STUDY CURRICULA to employers' demands / the requirements of the labor market (the whole process)?;20-30 Stunden
17-11-2021 08:06;Lehrer:in;35-44 Jahre;Deutschland;weiblich;Bildungseinrichtung;How much TIME do you spend weekly ON ADVISING STUDY PROGRAMS to students?;0 Stunden / nicht zutreffend
17-11-2021 08:06;Lehrer:in;35-44 Jahre;Deutschland;weiblich;Bildungseinrichtung;Do you agree Skill Scanner would help education institutes to design study programs more EFFECTIVELY?;4
17-11-2021 08:06;Lehrer:in;35-44 Jahre;Deutschland;weiblich;Bildungseinrichtung;Do you agree Skill Scanner would help education institutes to design study programs in a more EXPLAINABLE way? ;4
17-11-2021 08:06;Lehrer:in;35-44 Jahre;Deutschland;weiblich;Bildungseinrichtung;Do you agree Skill Scanner would help learning institutes to ACCELERATE their study program design processes?;4
17-11-2021 08:06;Lehrer:in;35-44 Jahre;Deutschland;weiblich;Bildungseinrichtung;Do you agree Skill Scanner would help education institutes to ADVICE and ATTRACT students by recommending appropriate study programs that fill their SKILL GAPS?;3
17-11-2021 08:06;Lehrer:in;35-44 Jahre;Deutschland;weiblich;Bildungseinrichtung;Do you agree Skill Scanner would help students of your education institute in planning their DEVELOPMENT more AUTONOMOUSLY?;4
17-11-2021 08:06;Lehrer:in;35-44 Jahre;Deutschland;weiblich;Bildungseinrichtung;Would you USE Skill Scanner in your work?_3;vielleicht
17-11-2021 08:06;Lehrer:in;35-44 Jahre;Deutschland;weiblich;Bildungseinrichtung;How do you LIKE Skill Scanner's interface?;4
17-11-2021 08:16;Lehrer:in;45-54 Jahre;Deutschland;weiblich;Bildungseinrichtung;Do you agree AI (Artificial Intelligence) based methods can HELP PLANNING AND REVISING a study program's learning curriculum? (Optional);1
17-11-2021 08:16;Lehrer:in;45-54 Jahre;Deutschland;weiblich;Bildungseinrichtung;Do you agree AI can help students, job seekers and employees FIND a fitting STUDY PROGRAM to enhance their skill set? (Optional);1
17-11-2021 08:16;Lehrer:in;45-54 Jahre;Deutschland;weiblich;Bildungseinrichtung;How much TIME did/do you spend ON FITTING STUDY CURRICULA to employers' demands / the requirements of the labor market (the whole process)?;1-5 Stunden
17-11-2021 08:16;Lehrer:in;45-54 Jahre;Deutschland;weiblich;Bildungseinrichtung;How much TIME do you spend weekly ON ADVISING STUDY PROGRAMS to students?;1-5 Stunden
17-11-2021 08:16;Lehrer:in;45-54 Jahre;Deutschland;weiblich;Bildungseinrichtung;Do you agree Skill Scanner would help education institutes to design study programs more EFFECTIVELY?;1
17-11-2021 08:16;Lehrer:in;45-54 Jahre;Deutschland;weiblich;Bildungseinrichtung;Do you agree Skill Scanner would help education institutes to design study programs in a more EXPLAINABLE way? ;1
17-11-2021 08:16;Lehrer:in;45-54 Jahre;Deutschland;weiblich;Bildungseinrichtung;Do you agree Skill Scanner would help learning institutes to ACCELERATE their study program design processes?;1
17-11-2021 08:16;Lehrer:in;45-54 Jahre;Deutschland;weiblich;Bildungseinrichtung;Do you agree Skill Scanner would help education institutes to ADVICE and ATTRACT students by recommending appropriate study programs that fill their SKILL GAPS?;1
17-11-2021 08:16;Lehrer:in;45-54 Jahre;Deutschland;weiblich;Bildungseinrichtung;Do you agree Skill Scanner would help students of your education institute in planning their DEVELOPMENT more AUTONOMOUSLY?;1
17-11-2021 08:16;Lehrer:in;45-54 Jahre;Deutschland;weiblich;Bildungseinrichtung;Would you USE Skill Scanner in your work?_3;nein
17-11-2021 08:16;Lehrer:in;45-54 Jahre;Deutschland;weiblich;Bildungseinrichtung;Do you have any REMARKS regarding using Skill Scanner?_4;Ich erlebe immer wieder, dass Studierende den persönlichen Kontakt und eine vertrauensvoll eBeziehung brauchen - gerade wenn es um so wichtige Dinge geht, wie die Studienplanung, Zukunftschancen, berufliche WErdegänge etc. Ähnlich verhält es sich mit Arbeitgebern. Reale Berufe und Aufgaben lassen sich meist nicht auf dem Reißbrett planen, sondern müssen reflektiert und abgeglichen werden. eine KI basierte Analyse, so wie sie sich hier darstellt, zielt rein auf Employability ab - individuelle Faktoren, menschliche Entwicklung, Austausch und gemeinschaftliche Prozesse werden ignoriert - diese sind aber zentral. Gerade die IU ist auf dem WEg dahin, eine anonyme Bildungsvermittlung zu werden. Diese Richtung wird mit verstärktem Einsatz von KI verstärkt und entspricht weder den Bedarfen der Studierenden noch denen von Arbeitgebern. 
17-11-2021 08:16;Lehrer:in;45-54 Jahre;Deutschland;weiblich;Bildungseinrichtung;Do you have any ideas for IMPROVEMENT or use cases of Skill Scanner?_5;Es sollte eher Vorlagen für Austausch geben, Zuhören können, gemeinsame Reflektionsprozesse etc. Es sollte scanner geben, die die Beziehunge zwischen Arbeitnehmerin und Arbeitgeberin als professionellen aber dennoch persönlichen Austauschprozess begreifen, ein Annähern von beiden seiten -  und nicht als Checkliste
17-11-2021 08:16;Lehrer:in;45-54 Jahre;Deutschland;weiblich;Bildungseinrichtung;How do you LIKE Skill Scanner's interface?;2
17-11-2021 08:16;Lehrer:in;45-54 Jahre;Deutschland;weiblich;Bildungseinrichtung;What's the main reason for your score?;so kennt man es
17-11-2021 08:16;Lehrer:in;45-54 Jahre;Deutschland;weiblich;Bildungseinrichtung;What would you CHANGE in Skill Scanner's interface?;offener
17-11-2021 08:16;Lehrer:in;45-54 Jahre;Deutschland;weiblich;Bildungseinrichtung;What would you ADD to Skill Scanner's interface? ;offene Fragen, Skills sind doch vielschichtiger - so abgefragt, bekommt man pauschale und ncihtssagende Antworten
17-11-2021 08:24;Professorin;25-34 Jahre;Deutschland;weiblich;Bildungseinrichtung;Do you agree AI (Artificial Intelligence) based methods can HELP PLANNING AND REVISING a study program's learning curriculum? (Optional);4
17-11-2021 08:24;Professorin;25-34 Jahre;Deutschland;weiblich;Bildungseinrichtung;Do you agree AI can help students, job seekers and employees FIND a fitting STUDY PROGRAM to enhance their skill set? (Optional);4
17-11-2021 08:24;Professorin;25-34 Jahre;Deutschland;weiblich;Bildungseinrichtung;How much TIME did/do you spend ON FITTING STUDY CURRICULA to employers' demands / the requirements of the labor market (the whole process)?;0 Stunden / nicht zutreffend
17-11-2021 08:24;Professorin;25-34 Jahre;Deutschland;weiblich;Bildungseinrichtung;How much TIME do you spend weekly ON ADVISING STUDY PROGRAMS to students?;1-5 Stunden
17-11-2021 08:24;Professorin;25-34 Jahre;Deutschland;weiblich;Bildungseinrichtung;Do you agree Skill Scanner would help education institutes to design study programs more EFFECTIVELY?;4
17-11-2021 08:24;Professorin;25-34 Jahre;Deutschland;weiblich;Bildungseinrichtung;Do you agree Skill Scanner would help education institutes to design study programs in a more EXPLAINABLE way? ;3
17-11-2021 08:24;Professorin;25-34 Jahre;Deutschland;weiblich;Bildungseinrichtung;Do you agree Skill Scanner would help learning institutes to ACCELERATE their study program design processes?;3
17-11-2021 08:24;Professorin;25-34 Jahre;Deutschland;weiblich;Bildungseinrichtung;Do you agree Skill Scanner would help education institutes to ADVICE and ATTRACT students by recommending appropriate study programs that fill their SKILL GAPS?;3
17-11-2021 08:24;Professorin;25-34 Jahre;Deutschland;weiblich;Bildungseinrichtung;Do you agree Skill Scanner would help students of your education institute in planning their DEVELOPMENT more AUTONOMOUSLY?;3
17-11-2021 08:24;Professorin;25-34 Jahre;Deutschland;weiblich;Bildungseinrichtung;Would you USE Skill Scanner in your work?_3;vielleicht
17-11-2021 08:24;Professorin;25-34 Jahre;Deutschland;weiblich;Bildungseinrichtung;Do you have any ideas for IMPROVEMENT or use cases of Skill Scanner?_5;Nein, aber für den Fragebogen, die Dritte Frage auf dieser Seite ist nicht verständlich. 
17-11-2021 08:24;Professorin;25-34 Jahre;Deutschland;weiblich;Bildungseinrichtung;How do you LIKE Skill Scanner's interface?;3
17-11-2021 08:24;Professorin;25-34 Jahre;Deutschland;weiblich;Bildungseinrichtung;What's the main reason for your score?;Das ist ein Standardformular und löst bei mir keine Emotionen aus.
17-11-2021 08:28;Lehrer:in;35-44 Jahre;Deutschland;weiblich;Bildungseinrichtung;Do you agree AI (Artificial Intelligence) based methods can HELP PLANNING AND REVISING a study program's learning curriculum? (Optional);5
17-11-2021 08:28;Lehrer:in;35-44 Jahre;Deutschland;weiblich;Bildungseinrichtung;Do you agree AI can help students, job seekers and employees FIND a fitting STUDY PROGRAM to enhance their skill set? (Optional);5
17-11-2021 08:28;Lehrer:in;35-44 Jahre;Deutschland;weiblich;Bildungseinrichtung;How much TIME did/do you spend ON FITTING STUDY CURRICULA to employers' demands / the requirements of the labor market (the whole process)?;0 Stunden / nicht zutreffend
17-11-2021 08:28;Lehrer:in;35-44 Jahre;Deutschland;weiblich;Bildungseinrichtung;How much TIME do you spend weekly ON ADVISING STUDY PROGRAMS to students?;0 Stunden / nicht zutreffend
17-11-2021 08:28;Lehrer:in;35-44 Jahre;Deutschland;weiblich;Bildungseinrichtung;Do you agree Skill Scanner would help education institutes to design study programs more EFFECTIVELY?;5
17-11-2021 08:28;Lehrer:in;35-44 Jahre;Deutschland;weiblich;Bildungseinrichtung;Do you agree Skill Scanner would help education institutes to design study programs in a more EXPLAINABLE way? ;5
17-11-2021 08:28;Lehrer:in;35-44 Jahre;Deutschland;weiblich;Bildungseinrichtung;Do you agree Skill Scanner would help learning institutes to ACCELERATE their study program design processes?;5
17-11-2021 08:28;Lehrer:in;35-44 Jahre;Deutschland;weiblich;Bildungseinrichtung;Do you agree Skill Scanner would help education institutes to ADVICE and ATTRACT students by recommending appropriate study programs that fill their SKILL GAPS?;5
17-11-2021 08:28;Lehrer:in;35-44 Jahre;Deutschland;weiblich;Bildungseinrichtung;Do you agree Skill Scanner would help students of your education institute in planning their DEVELOPMENT more AUTONOMOUSLY?;5
17-11-2021 08:28;Lehrer:in;35-44 Jahre;Deutschland;weiblich;Bildungseinrichtung;Would you USE Skill Scanner in your work?_3;vielleicht
17-11-2021 08:28;Lehrer:in;35-44 Jahre;Deutschland;weiblich;Bildungseinrichtung;How do you LIKE Skill Scanner's interface?;4
17-11-2021 08:28;Lehrer:in;35-44 Jahre;Deutschland;weiblich;Bildungseinrichtung;What's the main reason for your score?;Sieht einfach und intuitiv zu benutzen aus
17-11-2021 08:28;Lehrer:in;35-44 Jahre;Deutschland;weiblich;Bildungseinrichtung;What would you CHANGE in Skill Scanner's interface?;einheitliches Schriftbild
17-11-2021 08:37;Fachkraft für Personalwesen oder Personalbeschaffung;45-54 Jahre;Deutschland;männlich;Bildungseinrichtung;Do you agree AI (Artificial Intelligence) based methods can HELP PLANNING AND REVISING a study program's learning curriculum? (Optional);2
17-11-2021 08:37;Fachkraft für Personalwesen oder Personalbeschaffung;45-54 Jahre;Deutschland;männlich;Bildungseinrichtung;Do you agree AI can help students, job seekers and employees FIND a fitting STUDY PROGRAM to enhance their skill set? (Optional);2
17-11-2021 08:37;Fachkraft für Personalwesen oder Personalbeschaffung;45-54 Jahre;Deutschland;männlich;Bildungseinrichtung;How much TIME did/do you spend ON FITTING STUDY CURRICULA to employers' demands / the requirements of the labor market (the whole process)?;0 Stunden / nicht zutreffend
17-11-2021 08:37;Fachkraft für Personalwesen oder Personalbeschaffung;45-54 Jahre;Deutschland;männlich;Bildungseinrichtung;How much TIME do you spend weekly ON ADVISING STUDY PROGRAMS to students?;0 Stunden / nicht zutreffend
17-11-2021 08:37;Fachkraft für Personalwesen oder Personalbeschaffung;45-54 Jahre;Deutschland;männlich;Bildungseinrichtung;Do you agree Skill Scanner would help education institutes to design study programs more EFFECTIVELY?;2
17-11-2021 08:37;Fachkraft für Personalwesen oder Personalbeschaffung;45-54 Jahre;Deutschland;männlich;Bildungseinrichtung;Do you agree Skill Scanner would help education institutes to design study programs in a more EXPLAINABLE way? ;2
17-11-2021 08:37;Fachkraft für Personalwesen oder Personalbeschaffung;45-54 Jahre;Deutschland;männlich;Bildungseinrichtung;Do you agree Skill Scanner would help learning institutes to ACCELERATE their study program design processes?;2
17-11-2021 08:37;Fachkraft für Personalwesen oder Personalbeschaffung;45-54 Jahre;Deutschland;männlich;Bildungseinrichtung;Do you agree Skill Scanner would help education institutes to ADVICE and ATTRACT students by recommending appropriate study programs that fill their SKILL GAPS?;2
17-11-2021 08:37;Fachkraft für Personalwesen oder Personalbeschaffung;45-54 Jahre;Deutschland;männlich;Bildungseinrichtung;Do you agree Skill Scanner would help students of your education institute in planning their DEVELOPMENT more AUTONOMOUSLY?;2
17-11-2021 08:37;Fachkraft für Personalwesen oder Personalbeschaffung;45-54 Jahre;Deutschland;männlich;Bildungseinrichtung;Would you USE Skill Scanner in your work?_3;vielleicht
17-11-2021 08:37;Fachkraft für Personalwesen oder Personalbeschaffung;45-54 Jahre;Deutschland;männlich;Bildungseinrichtung;How do you LIKE Skill Scanner's interface?;3
17-11-2021 08:37;Fachkraft für Personalwesen oder Personalbeschaffung;45-54 Jahre;Deutschland;männlich;Bildungseinrichtung;What's the main reason for your score?;08/15
17-11-2021 08:38;Lehrer:in;45-54 Jahre;Deutschland;weiblich;Bildungseinrichtung;Do you agree AI (Artificial Intelligence) based methods can HELP PLANNING AND REVISING a study program's learning curriculum? (Optional);4
17-11-2021 08:38;Lehrer:in;45-54 Jahre;Deutschland;weiblich;Bildungseinrichtung;Do you agree AI can help students, job seekers and employees FIND a fitting STUDY PROGRAM to enhance their skill set? (Optional);4
17-11-2021 08:38;Lehrer:in;45-54 Jahre;Deutschland;weiblich;Bildungseinrichtung;How much TIME did/do you spend ON FITTING STUDY CURRICULA to employers' demands / the requirements of the labor market (the whole process)?;10-20 Stunden
17-11-2021 08:38;Lehrer:in;45-54 Jahre;Deutschland;weiblich;Bildungseinrichtung;How much TIME do you spend weekly ON ADVISING STUDY PROGRAMS to students?;0 Stunden / nicht zutreffend
17-11-2021 08:38;Lehrer:in;45-54 Jahre;Deutschland;weiblich;Bildungseinrichtung;Do you agree Skill Scanner would help education institutes to design study programs more EFFECTIVELY?;4
17-11-2021 08:38;Lehrer:in;45-54 Jahre;Deutschland;weiblich;Bildungseinrichtung;Do you agree Skill Scanner would help education institutes to design study programs in a more EXPLAINABLE way? ;4
17-11-2021 08:38;Lehrer:in;45-54 Jahre;Deutschland;weiblich;Bildungseinrichtung;Do you agree Skill Scanner would help learning institutes to ACCELERATE their study program design processes?;4
17-11-2021 08:38;Lehrer:in;45-54 Jahre;Deutschland;weiblich;Bildungseinrichtung;Do you agree Skill Scanner would help education institutes to ADVICE and ATTRACT students by recommending appropriate study programs that fill their SKILL GAPS?;4
17-11-2021 08:38;Lehrer:in;45-54 Jahre;Deutschland;weiblich;Bildungseinrichtung;Do you agree Skill Scanner would help students of your education institute in planning their DEVELOPMENT more AUTONOMOUSLY?;3
17-11-2021 08:38;Lehrer:in;45-54 Jahre;Deutschland;weiblich;Bildungseinrichtung;Would you USE Skill Scanner in your work?_3;vielleicht
17-11-2021 08:38;Lehrer:in;45-54 Jahre;Deutschland;weiblich;Bildungseinrichtung;How do you LIKE Skill Scanner's interface?;3
17-11-2021 08:38;Lehrer:in;45-54 Jahre;Deutschland;weiblich;Bildungseinrichtung;What's the main reason for your score?;Zunächst steht dort, dass 2 skills hochgeladen werden sollen, dann jedoch der gesamte CV. Was soll den nun hochgeladen werden? Die Schnelligkeit (45 s) ist benutzerfreundlich. 
17-11-2021 08:38;Lehrer:in;45-54 Jahre;Deutschland;weiblich;Bildungseinrichtung;What would you CHANGE in Skill Scanner's interface?;Eindeutigere Aussagen.
17-11-2021 08:38;Lehrer:in;45-54 Jahre;Deutschland;weiblich;Bildungseinrichtung;What would you ADD to Skill Scanner's interface? ;Eventuell wäre es besser die Skills durch Fragen herauszufinden.
17-11-2021 08:52;Lehrer:in;25-34 Jahre;Deutschland;männlich;Bildungseinrichtung;Do you agree AI (Artificial Intelligence) based methods can HELP PLANNING AND REVISING a study program's learning curriculum? (Optional);4
17-11-2021 08:52;Lehrer:in;25-34 Jahre;Deutschland;männlich;Bildungseinrichtung;Do you agree AI can help students, job seekers and employees FIND a fitting STUDY PROGRAM to enhance their skill set? (Optional);4
17-11-2021 08:52;Lehrer:in;25-34 Jahre;Deutschland;männlich;Bildungseinrichtung;How much TIME did/do you spend ON FITTING STUDY CURRICULA to employers' demands / the requirements of the labor market (the whole process)?;1-5 Stunden
17-11-2021 08:52;Lehrer:in;25-34 Jahre;Deutschland;männlich;Bildungseinrichtung;How much TIME do you spend weekly ON ADVISING STUDY PROGRAMS to students?;0 Stunden / nicht zutreffend
17-11-2021 08:52;Lehrer:in;25-34 Jahre;Deutschland;männlich;Bildungseinrichtung;Do you agree Skill Scanner would help education institutes to design study programs more EFFECTIVELY?;3
17-11-2021 08:52;Lehrer:in;25-34 Jahre;Deutschland;männlich;Bildungseinrichtung;Do you agree Skill Scanner would help education institutes to design study programs in a more EXPLAINABLE way? ;3
17-11-2021 08:52;Lehrer:in;25-34 Jahre;Deutschland;männlich;Bildungseinrichtung;Do you agree Skill Scanner would help learning institutes to ACCELERATE their study program design processes?;2
17-11-2021 08:52;Lehrer:in;25-34 Jahre;Deutschland;männlich;Bildungseinrichtung;Do you agree Skill Scanner would help education institutes to ADVICE and ATTRACT students by recommending appropriate study programs that fill their SKILL GAPS?;3
17-11-2021 08:52;Lehrer:in;25-34 Jahre;Deutschland;männlich;Bildungseinrichtung;Do you agree Skill Scanner would help students of your education institute in planning their DEVELOPMENT more AUTONOMOUSLY?;4
17-11-2021 08:52;Lehrer:in;25-34 Jahre;Deutschland;männlich;Bildungseinrichtung;Would you USE Skill Scanner in your work?_3;vielleicht
17-11-2021 08:52;Lehrer:in;25-34 Jahre;Deutschland;männlich;Bildungseinrichtung;How do you LIKE Skill Scanner's interface?;3
17-11-2021 09:05;Professorin;35-44 Jahre;Deutschland;weiblich;Bildungseinrichtung;Do you agree AI (Artificial Intelligence) based methods can HELP PLANNING AND REVISING a study program's learning curriculum? (Optional);5
17-11-2021 09:05;Professorin;35-44 Jahre;Deutschland;weiblich;Bildungseinrichtung;Do you agree AI can help students, job seekers and employees FIND a fitting STUDY PROGRAM to enhance their skill set? (Optional);5
17-11-2021 09:05;Professorin;35-44 Jahre;Deutschland;weiblich;Bildungseinrichtung;How much TIME did/do you spend ON FITTING STUDY CURRICULA to employers' demands / the requirements of the labor market (the whole process)?;0 Stunden / nicht zutreffend
17-11-2021 09:05;Professorin;35-44 Jahre;Deutschland;weiblich;Bildungseinrichtung;How much TIME do you spend weekly ON ADVISING STUDY PROGRAMS to students?;0 Stunden / nicht zutreffend
17-11-2021 09:05;Professorin;35-44 Jahre;Deutschland;weiblich;Bildungseinrichtung;Do you agree Skill Scanner would help education institutes to design study programs more EFFECTIVELY?;5
17-11-2021 09:05;Professorin;35-44 Jahre;Deutschland;weiblich;Bildungseinrichtung;Do you agree Skill Scanner would help education institutes to design study programs in a more EXPLAINABLE way? ;3
17-11-2021 09:05;Professorin;35-44 Jahre;Deutschland;weiblich;Bildungseinrichtung;Do you agree Skill Scanner would help learning institutes to ACCELERATE their study program design processes?;4
17-11-2021 09:05;Professorin;35-44 Jahre;Deutschland;weiblich;Bildungseinrichtung;Do you agree Skill Scanner would help education institutes to ADVICE and ATTRACT students by recommending appropriate study programs that fill their SKILL GAPS?;4
17-11-2021 09:05;Professorin;35-44 Jahre;Deutschland;weiblich;Bildungseinrichtung;Do you agree Skill Scanner would help students of your education institute in planning their DEVELOPMENT more AUTONOMOUSLY?;4
17-11-2021 09:05;Professorin;35-44 Jahre;Deutschland;weiblich;Bildungseinrichtung;Would you USE Skill Scanner in your work?_3;ja
17-11-2021 09:05;Professorin;35-44 Jahre;Deutschland;weiblich;Bildungseinrichtung;How do you LIKE Skill Scanner's interface?;2
17-11-2021 09:05;Professorin;35-44 Jahre;Deutschland;weiblich;Bildungseinrichtung;What's the main reason for your score?;Unübersichtlich, unattraktiv, verwirrende Beschreibung: Skill = Job Title?
17-11-2021 09:05;Professorin;35-44 Jahre;Deutschland;weiblich;Bildungseinrichtung;What would you CHANGE in Skill Scanner's interface?;Auf Usability achten: Verständlichkeit, Übersichtlichkeit, möglichst in der Sprache der Nutzer formulieren
17-11-2021 10:28;Fachmann/frau für Weiterbildung und Entwicklung;35-44 Jahre;Deutschland;weiblich;Bildungseinrichtung;Do you agree AI (Artificial Intelligence) based methods can HELP PLANNING AND REVISING a study program's learning curriculum? (Optional);5
17-11-2021 10:28;Fachmann/frau für Weiterbildung und Entwicklung;35-44 Jahre;Deutschland;weiblich;Bildungseinrichtung;Do you agree AI can help students, job seekers and employees FIND a fitting STUDY PROGRAM to enhance their skill set? (Optional);5
17-11-2021 10:28;Fachmann/frau für Weiterbildung und Entwicklung;35-44 Jahre;Deutschland;weiblich;Bildungseinrichtung;How much TIME did/do you spend ON FITTING STUDY CURRICULA to employers' demands / the requirements of the labor market (the whole process)?;1-5 Stunden
17-11-2021 10:28;Fachmann/frau für Weiterbildung und Entwicklung;35-44 Jahre;Deutschland;weiblich;Bildungseinrichtung;How much TIME do you spend weekly ON ADVISING STUDY PROGRAMS to students?;0 Stunden / nicht zutreffend
17-11-2021 10:28;Fachmann/frau für Weiterbildung und Entwicklung;35-44 Jahre;Deutschland;weiblich;Bildungseinrichtung;Do you agree Skill Scanner would help education institutes to design study programs more EFFECTIVELY?;4
17-11-2021 10:28;Fachmann/frau für Weiterbildung und Entwicklung;35-44 Jahre;Deutschland;weiblich;Bildungseinrichtung;Do you agree Skill Scanner would help education institutes to design study programs in a more EXPLAINABLE way? ;3
17-11-2021 10:28;Fachmann/frau für Weiterbildung und Entwicklung;35-44 Jahre;Deutschland;weiblich;Bildungseinrichtung;Do you agree Skill Scanner would help learning institutes to ACCELERATE their study program design processes?;4
17-11-2021 10:28;Fachmann/frau für Weiterbildung und Entwicklung;35-44 Jahre;Deutschland;weiblich;Bildungseinrichtung;Do you agree Skill Scanner would help education institutes to ADVICE and ATTRACT students by recommending appropriate study programs that fill their SKILL GAPS?;5
17-11-2021 10:28;Fachmann/frau für Weiterbildung und Entwicklung;35-44 Jahre;Deutschland;weiblich;Bildungseinrichtung;Do you agree Skill Scanner would help students of your education institute in planning their DEVELOPMENT more AUTONOMOUSLY?;4
17-11-2021 10:28;Fachmann/frau für Weiterbildung und Entwicklung;35-44 Jahre;Deutschland;weiblich;Bildungseinrichtung;Would you USE Skill Scanner in your work?_3;vielleicht
17-11-2021 10:28;Fachmann/frau für Weiterbildung und Entwicklung;35-44 Jahre;Deutschland;weiblich;Bildungseinrichtung;How do you LIKE Skill Scanner's interface?;3
17-11-2021 10:31;Lehrer:in;45-54 Jahre;Deutschland;männlich;Bildungseinrichtung;Do you agree AI (Artificial Intelligence) based methods can HELP PLANNING AND REVISING a study program's learning curriculum? (Optional);4
17-11-2021 10:31;Lehrer:in;45-54 Jahre;Deutschland;männlich;Bildungseinrichtung;Do you agree AI can help students, job seekers and employees FIND a fitting STUDY PROGRAM to enhance their skill set? (Optional);4
17-11-2021 10:31;Lehrer:in;45-54 Jahre;Deutschland;männlich;Bildungseinrichtung;How much TIME did/do you spend ON FITTING STUDY CURRICULA to employers' demands / the requirements of the labor market (the whole process)?;1-5 Stunden
17-11-2021 10:31;Lehrer:in;45-54 Jahre;Deutschland;männlich;Bildungseinrichtung;How much TIME do you spend weekly ON ADVISING STUDY PROGRAMS to students?;1-5 Stunden
17-11-2021 10:31;Lehrer:in;45-54 Jahre;Deutschland;männlich;Bildungseinrichtung;Do you agree Skill Scanner would help education institutes to design study programs more EFFECTIVELY?;4
17-11-2021 10:31;Lehrer:in;45-54 Jahre;Deutschland;männlich;Bildungseinrichtung;Do you agree Skill Scanner would help education institutes to design study programs in a more EXPLAINABLE way? ;4
17-11-2021 10:31;Lehrer:in;45-54 Jahre;Deutschland;männlich;Bildungseinrichtung;Do you agree Skill Scanner would help learning institutes to ACCELERATE their study program design processes?;3
17-11-2021 10:31;Lehrer:in;45-54 Jahre;Deutschland;männlich;Bildungseinrichtung;Do you agree Skill Scanner would help education institutes to ADVICE and ATTRACT students by recommending appropriate study programs that fill their SKILL GAPS?;5
17-11-2021 10:31;Lehrer:in;45-54 Jahre;Deutschland;männlich;Bildungseinrichtung;Do you agree Skill Scanner would help students of your education institute in planning their DEVELOPMENT more AUTONOMOUSLY?;4
17-11-2021 10:31;Lehrer:in;45-54 Jahre;Deutschland;männlich;Bildungseinrichtung;Would you USE Skill Scanner in your work?_3;ja
17-11-2021 10:31;Lehrer:in;45-54 Jahre;Deutschland;männlich;Bildungseinrichtung;How do you LIKE Skill Scanner's interface?;2
17-11-2021 10:31;Lehrer:in;45-54 Jahre;Deutschland;männlich;Bildungseinrichtung;What's the main reason for your score?;Two many fonts, insufficient whitespace, bland UI elements
17-11-2021 10:31;Lehrer:in;45-54 Jahre;Deutschland;männlich;Bildungseinrichtung;What would you CHANGE in Skill Scanner's interface?;see above
17-11-2021 10:49;Professor;35-44 Jahre;Deutschland;männlich;Bildungseinrichtung;Do you agree AI (Artificial Intelligence) based methods can HELP PLANNING AND REVISING a study program's learning curriculum? (Optional);3
17-11-2021 10:49;Professor;35-44 Jahre;Deutschland;männlich;Bildungseinrichtung;Do you agree AI can help students, job seekers and employees FIND a fitting STUDY PROGRAM to enhance their skill set? (Optional);5
17-11-2021 10:49;Professor;35-44 Jahre;Deutschland;männlich;Bildungseinrichtung;How much TIME did/do you spend ON FITTING STUDY CURRICULA to employers' demands / the requirements of the labor market (the whole process)?;5-10 Stunden
17-11-2021 10:49;Professor;35-44 Jahre;Deutschland;männlich;Bildungseinrichtung;How much TIME do you spend weekly ON ADVISING STUDY PROGRAMS to students?;0 Stunden / nicht zutreffend
17-11-2021 10:49;Professor;35-44 Jahre;Deutschland;männlich;Bildungseinrichtung;Do you agree Skill Scanner would help education institutes to design study programs more EFFECTIVELY?;4
17-11-2021 10:49;Professor;35-44 Jahre;Deutschland;männlich;Bildungseinrichtung;Do you agree Skill Scanner would help education institutes to design study programs in a more EXPLAINABLE way? ;3
17-11-2021 10:49;Professor;35-44 Jahre;Deutschland;männlich;Bildungseinrichtung;Do you agree Skill Scanner would help learning institutes to ACCELERATE their study program design processes?;4
17-11-2021 10:49;Professor;35-44 Jahre;Deutschland;männlich;Bildungseinrichtung;Do you agree Skill Scanner would help education institutes to ADVICE and ATTRACT students by recommending appropriate study programs that fill their SKILL GAPS?;5
17-11-2021 10:49;Professor;35-44 Jahre;Deutschland;männlich;Bildungseinrichtung;Do you agree Skill Scanner would help students of your education institute in planning their DEVELOPMENT more AUTONOMOUSLY?;3
17-11-2021 10:49;Professor;35-44 Jahre;Deutschland;männlich;Bildungseinrichtung;Would you USE Skill Scanner in your work?_3;vielleicht
17-11-2021 10:49;Professor;35-44 Jahre;Deutschland;männlich;Bildungseinrichtung;How do you LIKE Skill Scanner's interface?;3
17-11-2021 10:49;Professor;35-44 Jahre;Deutschland;männlich;Bildungseinrichtung;What's the main reason for your score?;Das ist zu wenig Information, um die Benutzeroberfläche zu bewerten
17-11-2021 10:51;Lehrer:in;45-54 Jahre;Deutschland;männlich;Arbeitssuchende:r;Do you agree AI (Artificial Intelligence) based methods can HELP job seekers to FIND JOBS? (Optional);5
17-11-2021 10:51;Lehrer:in;45-54 Jahre;Deutschland;männlich;Arbeitssuchende:r;Do you agree AI can help job seekers and employees FIND a fitting STUDY PROGRAM to enhance their skill set? (Optional);5
17-11-2021 10:51;Lehrer:in;45-54 Jahre;Deutschland;männlich;Arbeitssuchende:r;How much TIME did/do you spend WRITING your CV (the whole process)?;1-5 Stunden
17-11-2021 10:51;Lehrer:in;45-54 Jahre;Deutschland;männlich;Arbeitssuchende:r;How much TIME did/do you spend WRITING a MOTIVATION LETTER (the whole process)?;1-5 Stunden
17-11-2021 10:51;Lehrer:in;45-54 Jahre;Deutschland;männlich;Arbeitssuchende:r;How much TIME did/do you spend ON FINDING A FITTING STUDY PROGRAM?;1-5 Stunden
17-11-2021 10:51;Lehrer:in;45-54 Jahre;Deutschland;männlich;Arbeitssuchende:r;Do you agree Skill Scanner would help job seekers to apply more EFFECTIVELY?;3
17-11-2021 10:51;Lehrer:in;45-54 Jahre;Deutschland;männlich;Arbeitssuchende:r;Do you agree Skill Scanner would help job seekers to EXPLAIN their STRENGTHS and WEAKNESSES in relationship to the demand of employers?;4
17-11-2021 10:51;Lehrer:in;45-54 Jahre;Deutschland;männlich;Arbeitssuchende:r;Do you agree Skill Scanner would help job seekers to ACCELERATE their job seeking process?;3
17-11-2021 10:51;Lehrer:in;45-54 Jahre;Deutschland;männlich;Arbeitssuchende:r;Do you agree Skill Scanner would help job seekers to determine what SKILLS to EXTEND?;4
17-11-2021 10:51;Lehrer:in;45-54 Jahre;Deutschland;männlich;Arbeitssuchende:r;Do you agree Skill Scanner would help IMPROVE job seekers‘ CHANCES of finding a fitting job?;4
17-11-2021 10:51;Lehrer:in;45-54 Jahre;Deutschland;männlich;Arbeitssuchende:r;Do you agree Skill Scanner would help job seekers to FIND and SELECT a fitting study program to fill their SKILL GAPS?;3
17-11-2021 10:51;Lehrer:in;45-54 Jahre;Deutschland;männlich;Arbeitssuchende:r;Do you agree Skill Scanner would help job seekers in planning their development more AUTONOMOUSLY?;2
17-11-2021 10:51;Lehrer:in;45-54 Jahre;Deutschland;männlich;Arbeitssuchende:r;Would you USE Skill Scanner in your job seeking process?;vielleicht
17-11-2021 10:51;Lehrer:in;45-54 Jahre;Deutschland;männlich;Arbeitssuchende:r;How do you LIKE Skill Scanner's interface?;3
17-11-2021 10:51;Lehrer:in;45-54 Jahre;Deutschland;männlich;Arbeitssuchende:r;What would you ADD to Skill Scanner's interface? ;Beispiele
17-11-2021 11:35;Program Director;55-64 Jahre;Deutschland;weiblich;Bildungseinrichtung;Do you agree AI (Artificial Intelligence) based methods can HELP PLANNING AND REVISING a study program's learning curriculum? (Optional);3
17-11-2021 11:35;Program Director;55-64 Jahre;Deutschland;weiblich;Bildungseinrichtung;Do you agree AI can help students, job seekers and employees FIND a fitting STUDY PROGRAM to enhance their skill set? (Optional);5
17-11-2021 11:35;Program Director;55-64 Jahre;Deutschland;weiblich;Bildungseinrichtung;How much TIME did/do you spend ON FITTING STUDY CURRICULA to employers' demands / the requirements of the labor market (the whole process)?;0 Stunden / nicht zutreffend
17-11-2021 11:35;Program Director;55-64 Jahre;Deutschland;weiblich;Bildungseinrichtung;How much TIME do you spend weekly ON ADVISING STUDY PROGRAMS to students?;0 Stunden / nicht zutreffend
17-11-2021 11:35;Program Director;55-64 Jahre;Deutschland;weiblich;Bildungseinrichtung;Do you agree Skill Scanner would help education institutes to design study programs more EFFECTIVELY?;4
17-11-2021 11:35;Program Director;55-64 Jahre;Deutschland;weiblich;Bildungseinrichtung;Do you agree Skill Scanner would help education institutes to design study programs in a more EXPLAINABLE way? ;1
17-11-2021 11:35;Program Director;55-64 Jahre;Deutschland;weiblich;Bildungseinrichtung;Do you agree Skill Scanner would help learning institutes to ACCELERATE their study program design processes?;2
17-11-2021 11:35;Program Director;55-64 Jahre;Deutschland;weiblich;Bildungseinrichtung;Do you agree Skill Scanner would help education institutes to ADVICE and ATTRACT students by recommending appropriate study programs that fill their SKILL GAPS?;4
17-11-2021 11:35;Program Director;55-64 Jahre;Deutschland;weiblich;Bildungseinrichtung;Do you agree Skill Scanner would help students of your education institute in planning their DEVELOPMENT more AUTONOMOUSLY?;4
17-11-2021 11:35;Program Director;55-64 Jahre;Deutschland;weiblich;Bildungseinrichtung;Would you USE Skill Scanner in your work?_3;ja
17-11-2021 11:35;Program Director;55-64 Jahre;Deutschland;weiblich;Bildungseinrichtung;Do you have any REMARKS regarding using Skill Scanner?_4;"KI sollte immer nur untersützende zum Einsatz kommen; die letztliche Entscheidung muss beim Menschen liegen."
17-11-2021 11:35;Program Director;55-64 Jahre;Deutschland;weiblich;Bildungseinrichtung;Do you have any ideas for IMPROVEMENT or use cases of Skill Scanner?_5;Empfehlung für Studiengänge/Diploms/Kurse für Interessenten auf unserer Webpage
17-11-2021 11:35;Program Director;55-64 Jahre;Deutschland;weiblich;Bildungseinrichtung;How do you LIKE Skill Scanner's interface?;2
17-11-2021 11:35;Program Director;55-64 Jahre;Deutschland;weiblich;Bildungseinrichtung;What's the main reason for your score?;Optisch nicht ansprechend. Durch die verschiedenen Schriftgrößen schwer zu erfassen. Zudem ist mir der Bezug zum Job Title nicht klar.
17-11-2021 11:35;Program Director;55-64 Jahre;Deutschland;weiblich;Bildungseinrichtung;What would you CHANGE in Skill Scanner's interface?;Optik, einheitliche Schriftgröße und was genau zu tun ist.
17-11-2021 11:35;Program Director;55-64 Jahre;Deutschland;weiblich;Bildungseinrichtung;What would you ADD to Skill Scanner's interface? ;Eine Info, um was et überhaupt geht
17-11-2021 15:06;Personalchef:in;35-44 Jahre;Deutschland;weiblich;Arbeitsgeber:in;Do you agree AI (Artificial Intelligence) based methods can HELP with RECRUITMENT? (Optional);4
17-11-2021 15:06;Personalchef:in;35-44 Jahre;Deutschland;weiblich;Arbeitsgeber:in;Do you agree AI can help job seekers and employees FIND a fitting STUDY PROGRAM to enhance their skill set? (Optional)_1;4
17-11-2021 15:06;Personalchef:in;35-44 Jahre;Deutschland;weiblich;Arbeitsgeber:in;How much TIME do you spend weekly REVIEWING CVs?;1-5 Stunden
17-11-2021 15:06;Personalchef:in;35-44 Jahre;Deutschland;weiblich;Arbeitsgeber:in;How much TIME do you spend weekly REVIEWING applicants' MOTIVATION LETTERS?;1-5 Stunden
17-11-2021 15:06;Personalchef:in;35-44 Jahre;Deutschland;weiblich;Arbeitsgeber:in;How much TIME did/do you spend ON FINDING A FITTING TRAINING/COACHING PROGRAM for your employees (the whole process)?;1-5 Stunden
17-11-2021 15:06;Personalchef:in;35-44 Jahre;Deutschland;weiblich;Arbeitsgeber:in;Do you agree Skill Scanner would help employers find and select applicants more EFFECTIVELY?;3
17-11-2021 15:06;Personalchef:in;35-44 Jahre;Deutschland;weiblich;Arbeitsgeber:in;Do you agree Skill Scanner would help employers to find and select applicants in a more EXPLAINABLE way? ;3
17-11-2021 15:06;Personalchef:in;35-44 Jahre;Deutschland;weiblich;Arbeitsgeber:in;Do you agree Skill Scanner would help employers to ACCELERATE the recruiting processes?;4
17-11-2021 15:06;Personalchef:in;35-44 Jahre;Deutschland;weiblich;Arbeitsgeber:in;Do you agree Skill Scanner would help employers to find and select applicants in a FAIRER way?;3
17-11-2021 15:06;Personalchef:in;35-44 Jahre;Deutschland;weiblich;Arbeitsgeber:in;Do you agree Skill Scanner helps employers to FIND and SELECT a fitting TRAINING program to fill their employees' SKILL GAPS?;4
17-11-2021 15:06;Personalchef:in;35-44 Jahre;Deutschland;weiblich;Arbeitsgeber:in;Do you agree Skill Scanner would help employees in planning their DEVELOPMENT more AUTONOMOUSLY?;4
17-11-2021 15:06;Personalchef:in;35-44 Jahre;Deutschland;weiblich;Arbeitsgeber:in;Would you USE Skill Scanner in your work?;vielleicht
17-11-2021 15:06;Personalchef:in;35-44 Jahre;Deutschland;weiblich;Arbeitsgeber:in;How do you LIKE Skill Scanner's interface?;2
17-11-2021 15:06;Personalchef:in;35-44 Jahre;Deutschland;weiblich;Arbeitsgeber:in;What's the main reason for your score?;nicht modern, sehr unterschiedliche Schriftgrößen, sehr unruhig
17-11-2021 15:06;Personalchef:in;35-44 Jahre;Deutschland;weiblich;Arbeitsgeber:in;What would you CHANGE in Skill Scanner's interface?;s. Antwort davor
17-11-2021 15:06;Personalchef:in;35-44 Jahre;Deutschland;weiblich;Arbeitsgeber:in;What would you ADD to Skill Scanner's interface? ;Struktur
17-11-2021 15:16;Lehrer:in;45-54 Jahre;Deutschland;weiblich;Bildungseinrichtung;Do you agree AI (Artificial Intelligence) based methods can HELP PLANNING AND REVISING a study program's learning curriculum? (Optional);3
17-11-2021 15:16;Lehrer:in;45-54 Jahre;Deutschland;weiblich;Bildungseinrichtung;Do you agree AI can help students, job seekers and employees FIND a fitting STUDY PROGRAM to enhance their skill set? (Optional);4
17-11-2021 15:16;Lehrer:in;45-54 Jahre;Deutschland;weiblich;Bildungseinrichtung;How much TIME did/do you spend ON FITTING STUDY CURRICULA to employers' demands / the requirements of the labor market (the whole process)?;0 Stunden / nicht zutreffend
17-11-2021 15:16;Lehrer:in;45-54 Jahre;Deutschland;weiblich;Bildungseinrichtung;How much TIME do you spend weekly ON ADVISING STUDY PROGRAMS to students?;0 Stunden / nicht zutreffend
17-11-2021 15:16;Lehrer:in;45-54 Jahre;Deutschland;weiblich;Bildungseinrichtung;Do you agree Skill Scanner would help education institutes to design study programs more EFFECTIVELY?;3
17-11-2021 15:16;Lehrer:in;45-54 Jahre;Deutschland;weiblich;Bildungseinrichtung;Do you agree Skill Scanner would help education institutes to design study programs in a more EXPLAINABLE way? ;3
17-11-2021 15:16;Lehrer:in;45-54 Jahre;Deutschland;weiblich;Bildungseinrichtung;Do you agree Skill Scanner would help learning institutes to ACCELERATE their study program design processes?;3
17-11-2021 15:16;Lehrer:in;45-54 Jahre;Deutschland;weiblich;Bildungseinrichtung;Do you agree Skill Scanner would help education institutes to ADVICE and ATTRACT students by recommending appropriate study programs that fill their SKILL GAPS?;4
17-11-2021 15:16;Lehrer:in;45-54 Jahre;Deutschland;weiblich;Bildungseinrichtung;Do you agree Skill Scanner would help students of your education institute in planning their DEVELOPMENT more AUTONOMOUSLY?;3
17-11-2021 15:16;Lehrer:in;45-54 Jahre;Deutschland;weiblich;Bildungseinrichtung;Would you USE Skill Scanner in your work?_3;vielleicht
17-11-2021 15:16;Lehrer:in;45-54 Jahre;Deutschland;weiblich;Bildungseinrichtung;How do you LIKE Skill Scanner's interface?;3
17-11-2021 15:16;Lehrer:in;45-54 Jahre;Deutschland;weiblich;Bildungseinrichtung;What's the main reason for your score?;Zu viele verschiedene Schriftgrößen
17-11-2021 15:16;Lehrer:in;45-54 Jahre;Deutschland;weiblich;Bildungseinrichtung;What would you CHANGE in Skill Scanner's interface?;Schriftgröße anpassen
17-11-2021 15:25;Lehrer:in;35-44 Jahre;Deutschland;männlich;Bildungseinrichtung;Do you agree AI (Artificial Intelligence) based methods can HELP PLANNING AND REVISING a study program's learning curriculum? (Optional);4
17-11-2021 15:25;Lehrer:in;35-44 Jahre;Deutschland;männlich;Bildungseinrichtung;Do you agree AI can help students, job seekers and employees FIND a fitting STUDY PROGRAM to enhance their skill set? (Optional);4
17-11-2021 15:25;Lehrer:in;35-44 Jahre;Deutschland;männlich;Bildungseinrichtung;How much TIME did/do you spend ON FITTING STUDY CURRICULA to employers' demands / the requirements of the labor market (the whole process)?;5-10 Stunden
17-11-2021 15:25;Lehrer:in;35-44 Jahre;Deutschland;männlich;Bildungseinrichtung;How much TIME do you spend weekly ON ADVISING STUDY PROGRAMS to students?;0 Stunden / nicht zutreffend
17-11-2021 15:25;Lehrer:in;35-44 Jahre;Deutschland;männlich;Bildungseinrichtung;Do you agree Skill Scanner would help education institutes to design study programs more EFFECTIVELY?;4
17-11-2021 15:25;Lehrer:in;35-44 Jahre;Deutschland;männlich;Bildungseinrichtung;Do you agree Skill Scanner would help education institutes to design study programs in a more EXPLAINABLE way? ;4
17-11-2021 15:25;Lehrer:in;35-44 Jahre;Deutschland;männlich;Bildungseinrichtung;Do you agree Skill Scanner would help learning institutes to ACCELERATE their study program design processes?;3
17-11-2021 15:25;Lehrer:in;35-44 Jahre;Deutschland;männlich;Bildungseinrichtung;Do you agree Skill Scanner would help education institutes to ADVICE and ATTRACT students by recommending appropriate study programs that fill their SKILL GAPS?;4
17-11-2021 15:25;Lehrer:in;35-44 Jahre;Deutschland;männlich;Bildungseinrichtung;Do you agree Skill Scanner would help students of your education institute in planning their DEVELOPMENT more AUTONOMOUSLY?;4
17-11-2021 15:25;Lehrer:in;35-44 Jahre;Deutschland;männlich;Bildungseinrichtung;Would you USE Skill Scanner in your work?_3;ja
17-11-2021 15:25;Lehrer:in;35-44 Jahre;Deutschland;männlich;Bildungseinrichtung;How do you LIKE Skill Scanner's interface?;2
17-11-2021 15:25;Lehrer:in;35-44 Jahre;Deutschland;männlich;Bildungseinrichtung;What's the main reason for your score?;Sehr wenig Infos, altmodisches Design
17-11-2021 15:25;Lehrer:in;35-44 Jahre;Deutschland;männlich;Bildungseinrichtung;What would you CHANGE in Skill Scanner's interface?;Klares, modernes Design
17-11-2021 16:52;Lehrer:in;35-44 Jahre;Deutschland;männlich;Bildungseinrichtung;Do you agree AI (Artificial Intelligence) based methods can HELP PLANNING AND REVISING a study program's learning curriculum? (Optional);4
17-11-2021 16:52;Lehrer:in;35-44 Jahre;Deutschland;männlich;Bildungseinrichtung;Do you agree AI can help students, job seekers and employees FIND a fitting STUDY PROGRAM to enhance their skill set? (Optional);4
17-11-2021 16:52;Lehrer:in;35-44 Jahre;Deutschland;männlich;Bildungseinrichtung;How much TIME did/do you spend ON FITTING STUDY CURRICULA to employers' demands / the requirements of the labor market (the whole process)?;0 Stunden / nicht zutreffend
17-11-2021 16:52;Lehrer:in;35-44 Jahre;Deutschland;männlich;Bildungseinrichtung;How much TIME do you spend weekly ON ADVISING STUDY PROGRAMS to students?;0 Stunden / nicht zutreffend
17-11-2021 16:52;Lehrer:in;35-44 Jahre;Deutschland;männlich;Bildungseinrichtung;Do you agree Skill Scanner would help education institutes to design study programs more EFFECTIVELY?;4
17-11-2021 16:52;Lehrer:in;35-44 Jahre;Deutschland;männlich;Bildungseinrichtung;Do you agree Skill Scanner would help education institutes to design study programs in a more EXPLAINABLE way? ;3
17-11-2021 16:52;Lehrer:in;35-44 Jahre;Deutschland;männlich;Bildungseinrichtung;Do you agree Skill Scanner would help learning institutes to ACCELERATE their study program design processes?;3
17-11-2021 16:52;Lehrer:in;35-44 Jahre;Deutschland;männlich;Bildungseinrichtung;Do you agree Skill Scanner would help education institutes to ADVICE and ATTRACT students by recommending appropriate study programs that fill their SKILL GAPS?;4
17-11-2021 16:52;Lehrer:in;35-44 Jahre;Deutschland;männlich;Bildungseinrichtung;Do you agree Skill Scanner would help students of your education institute in planning their DEVELOPMENT more AUTONOMOUSLY?;3
17-11-2021 16:52;Lehrer:in;35-44 Jahre;Deutschland;männlich;Bildungseinrichtung;Would you USE Skill Scanner in your work?_3;vielleicht
17-11-2021 16:52;Lehrer:in;35-44 Jahre;Deutschland;männlich;Bildungseinrichtung;How do you LIKE Skill Scanner's interface?;2
17-11-2021 16:52;Lehrer:in;35-44 Jahre;Deutschland;männlich;Bildungseinrichtung;What's the main reason for your score?;kein ansprechendes Design
17-11-2021 16:52;Lehrer:in;35-44 Jahre;Deutschland;männlich;Bildungseinrichtung;What would you CHANGE in Skill Scanner's interface?;das Design
17-11-2021 16:52;Lehrer:in;35-44 Jahre;Deutschland;männlich;Bildungseinrichtung;What would you ADD to Skill Scanner's interface? ;Grafische Elemente, nicht nur Text und Textfelder
17-11-2021 21:28;Lehrer:in;35-44 Jahre;Deutschland;männlich;Bildungseinrichtung;Do you agree AI (Artificial Intelligence) based methods can HELP PLANNING AND REVISING a study program's learning curriculum? (Optional);2
17-11-2021 21:28;Lehrer:in;35-44 Jahre;Deutschland;männlich;Bildungseinrichtung;Do you agree AI can help students, job seekers and employees FIND a fitting STUDY PROGRAM to enhance their skill set? (Optional);3
17-11-2021 21:28;Lehrer:in;35-44 Jahre;Deutschland;männlich;Bildungseinrichtung;How much TIME did/do you spend ON FITTING STUDY CURRICULA to employers' demands / the requirements of the labor market (the whole process)?;1-5 Stunden
17-11-2021 21:28;Lehrer:in;35-44 Jahre;Deutschland;männlich;Bildungseinrichtung;How much TIME do you spend weekly ON ADVISING STUDY PROGRAMS to students?;1-5 Stunden
17-11-2021 21:28;Lehrer:in;35-44 Jahre;Deutschland;männlich;Bildungseinrichtung;Do you agree Skill Scanner would help education institutes to design study programs more EFFECTIVELY?;2
17-11-2021 21:28;Lehrer:in;35-44 Jahre;Deutschland;männlich;Bildungseinrichtung;Do you agree Skill Scanner would help education institutes to design study programs in a more EXPLAINABLE way? ;2
17-11-2021 21:28;Lehrer:in;35-44 Jahre;Deutschland;männlich;Bildungseinrichtung;Do you agree Skill Scanner would help learning institutes to ACCELERATE their study program design processes?;3
17-11-2021 21:28;Lehrer:in;35-44 Jahre;Deutschland;männlich;Bildungseinrichtung;Do you agree Skill Scanner would help education institutes to ADVICE and ATTRACT students by recommending appropriate study programs that fill their SKILL GAPS?;3
17-11-2021 21:28;Lehrer:in;35-44 Jahre;Deutschland;männlich;Bildungseinrichtung;Do you agree Skill Scanner would help students of your education institute in planning their DEVELOPMENT more AUTONOMOUSLY?;3
17-11-2021 21:28;Lehrer:in;35-44 Jahre;Deutschland;männlich;Bildungseinrichtung;Would you USE Skill Scanner in your work?_3;vielleicht
17-11-2021 21:28;Lehrer:in;35-44 Jahre;Deutschland;männlich;Bildungseinrichtung;How do you LIKE Skill Scanner's interface?;2
15-11-2021 08:14;Learning and Development professional;25-34 years old.;Netherlands;Female;Job Seeker;Do you agree AI (Artificial Intelligence) based methods can HELP job seekers to FIND JOBS? (Optional);5
15-11-2021 08:14;Learning and Development professional;25-34 years old.;Netherlands;Female;Job Seeker;Do you agree AI can help job seekers and employees FIND a fitting STUDY PROGRAM to enhance their skill set? (Optional);4
15-11-2021 08:14;Learning and Development professional;25-34 years old.;Netherlands;Female;Job Seeker;How much TIME did/do you spend WRITING your CV (the whole process)?;1-5 hours.
15-11-2021 08:14;Learning and Development professional;25-34 years old.;Netherlands;Female;Job Seeker;How much TIME did/do you spend WRITING a MOTIVATION LETTER (the whole process)?;1-5 hours.
15-11-2021 08:14;Learning and Development professional;25-34 years old.;Netherlands;Female;Job Seeker;How much TIME did/do you spend ON FINDING A FITTING STUDY PROGRAM?;5-10 hours.
15-11-2021 08:14;Learning and Development professional;25-34 years old.;Netherlands;Female;Job Seeker;Do you agree Skill Scanner would help job seekers to apply more EFFECTIVELY?;4
15-11-2021 08:14;Learning and Development professional;25-34 years old.;Netherlands;Female;Job Seeker;Do you agree Skill Scanner would help job seekers to EXPLAIN their STRENGTHS and WEAKNESSES in relationship to the demand of employers?;4
15-11-2021 08:14;Learning and Development professional;25-34 years old.;Netherlands;Female;Job Seeker;Do you agree Skill Scanner would help job seekers to ACCELERATE their job seeking process?;4
15-11-2021 08:14;Learning and Development professional;25-34 years old.;Netherlands;Female;Job Seeker;Do you agree Skill Scanner would help job seekers to determine what SKILLS to EXTEND?;4
15-11-2021 08:14;Learning and Development professional;25-34 years old.;Netherlands;Female;Job Seeker;Do you agree Skill Scanner would help IMPROVE job seekers‘ CHANCES of finding a fitting job?;4
15-11-2021 08:14;Learning and Development professional;25-34 years old.;Netherlands;Female;Job Seeker;Do you agree Skill Scanner would help job seekers to FIND and SELECT a fitting study program to fill their SKILL GAPS?;4
15-11-2021 08:14;Learning and Development professional;25-34 years old.;Netherlands;Female;Job Seeker;Do you agree Skill Scanner would help job seekers in planning their development more AUTONOMOUSLY?;4
15-11-2021 08:14;Learning and Development professional;25-34 years old.;Netherlands;Female;Job Seeker;Would you USE Skill Scanner in your job seeking process?;No
15-11-2021 08:14;Learning and Development professional;25-34 years old.;Netherlands;Female;Job Seeker;How do you LIKE Skill Scanner's interface?;3
15-11-2021 08:14;Learning and Development professional;25-34 years old.;Netherlands;Female;Job Seeker;What's the main reason for your score?;Niet bekend met skill scanner
15-11-2021 08:14;Learning and Development professional;25-34 years old.;Netherlands;Female;Job Seeker;What would you CHANGE in Skill Scanner's interface?;nvt
15-11-2021 08:14;Learning and Development professional;25-34 years old.;Netherlands;Female;Job Seeker;What would you ADD to Skill Scanner's interface? ;nvt
15-11-2021 10:03;Learning and Development professional;25-34 years old.;Netherlands;Female;Employer;Do you agree AI (Artificial Intelligence) based methods can HELP with RECRUITMENT? (Optional);4
15-11-2021 10:03;Learning and Development professional;25-34 years old.;Netherlands;Female;Employer;Do you agree AI can help job seekers and employees FIND a fitting STUDY PROGRAM to enhance their skill set? (Optional)_1;4
15-11-2021 10:03;Learning and Development professional;25-34 years old.;Netherlands;Female;Employer;How much TIME do you spend weekly REVIEWING CVs?;0 hours / not applicable.
15-11-2021 10:03;Learning and Development professional;25-34 years old.;Netherlands;Female;Employer;How much TIME do you spend weekly REVIEWING applicants' MOTIVATION LETTERS?;0 hours / not applicable.
15-11-2021 10:03;Learning and Development professional;25-34 years old.;Netherlands;Female;Employer;How much TIME did/do you spend ON FINDING A FITTING TRAINING/COACHING PROGRAM for your employees (the whole process)?;1-5 hours.
15-11-2021 10:03;Learning and Development professional;25-34 years old.;Netherlands;Female;Employer;Do you agree Skill Scanner would help employers find and select applicants more EFFECTIVELY?;3
15-11-2021 10:03;Learning and Development professional;25-34 years old.;Netherlands;Female;Employer;Do you agree Skill Scanner would help employers to find and select applicants in a more EXPLAINABLE way? ;3
15-11-2021 10:03;Learning and Development professional;25-34 years old.;Netherlands;Female;Employer;Do you agree Skill Scanner would help employers to ACCELERATE the recruiting processes?;3
15-11-2021 10:03;Learning and Development professional;25-34 years old.;Netherlands;Female;Employer;Do you agree Skill Scanner would help employers to find and select applicants in a FAIRER way?;3
15-11-2021 10:03;Learning and Development professional;25-34 years old.;Netherlands;Female;Employer;Do you agree Skill Scanner helps employers to FIND and SELECT a fitting TRAINING program to fill their employees' SKILL GAPS?;3
15-11-2021 10:03;Learning and Development professional;25-34 years old.;Netherlands;Female;Employer;Do you agree Skill Scanner would help employees in planning their DEVELOPMENT more AUTONOMOUSLY?;3
15-11-2021 10:03;Learning and Development professional;25-34 years old.;Netherlands;Female;Employer;Would you USE Skill Scanner in your work?;Maybe
15-11-2021 10:03;Learning and Development professional;25-34 years old.;Netherlands;Female;Employer;Do you have any REMARKS regarding using Skill Scanner?;"Hoe kan ik een programma beoordelen op werking op basis van plaatjes die ik zie, zonder het daadwerkelijk gebruikt te hebben? Vandaar dat mijn antwoorden ""neutraal"" zijn op deze vragen."
15-11-2021 10:03;Learning and Development professional;25-34 years old.;Netherlands;Female;Employer;How do you LIKE Skill Scanner's interface?;3
15-11-2021 10:03;Learning and Development professional;25-34 years old.;Netherlands;Female;Employer;What's the main reason for your score?;simple and clear
15-11-2021 10:03;Learning and Development professional;25-34 years old.;Netherlands;Female;Employer;What would you CHANGE in Skill Scanner's interface?;lay-out in look and feel
17-11-2021 09:18;Teacher;45-54 years old.;Germany;Male;Education;Do you agree AI (Artificial Intelligence) based methods can HELP PLANNING AND REVISING a study program's learning curriculum? (Optional);3
17-11-2021 09:18;Teacher;45-54 years old.;Germany;Male;Education;Do you agree AI can help students, job seekers and employees FIND a fitting STUDY PROGRAM to enhance their skill set? (Optional);3
17-11-2021 09:18;Teacher;45-54 years old.;Germany;Male;Education;How much TIME did/do you spend ON FITTING STUDY CURRICULA to employers' demands / the requirements of the labor market (the whole process)?;0 hours / not applicable.
17-11-2021 09:18;Teacher;45-54 years old.;Germany;Male;Education;How much TIME do you spend weekly ON ADVISING STUDY PROGRAMS to students?;0 hours / not applicable.
17-11-2021 09:18;Teacher;45-54 years old.;Germany;Male;Education;Do you agree Skill Scanner would help education institutes to design study programs more EFFECTIVELY?;3
17-11-2021 09:18;Teacher;45-54 years old.;Germany;Male;Education;Do you agree Skill Scanner would help education institutes to design study programs in a more EXPLAINABLE way? ;3
17-11-2021 09:18;Teacher;45-54 years old.;Germany;Male;Education;Do you agree Skill Scanner would help learning institutes to ACCELERATE their study program design processes?;3
17-11-2021 09:18;Teacher;45-54 years old.;Germany;Male;Education;Do you agree Skill Scanner would help education institutes to ADVICE and ATTRACT students by recommending appropriate study programs that fill their SKILL GAPS?;3
17-11-2021 09:18;Teacher;45-54 years old.;Germany;Male;Education;Do you agree Skill Scanner would help students of your education institute in planning their DEVELOPMENT more AUTONOMOUSLY?;3
17-11-2021 09:18;Teacher;45-54 years old.;Germany;Male;Education;Would you USE Skill Scanner in your work?_3;Maybe
17-11-2021 09:18;Teacher;45-54 years old.;Germany;Male;Education;How do you LIKE Skill Scanner's interface?;4
17-11-2021 11:02;Teacher;55-64 years old.;Germany;Male;Education;Do you agree AI (Artificial Intelligence) based methods can HELP PLANNING AND REVISING a study program's learning curriculum? (Optional);4
17-11-2021 11:02;Teacher;55-64 years old.;Germany;Male;Education;Do you agree AI can help students, job seekers and employees FIND a fitting STUDY PROGRAM to enhance their skill set? (Optional);4
17-11-2021 11:02;Teacher;55-64 years old.;Germany;Male;Education;How much TIME did/do you spend ON FITTING STUDY CURRICULA to employers' demands / the requirements of the labor market (the whole process)?;5-10 hours.
17-11-2021 11:02;Teacher;55-64 years old.;Germany;Male;Education;How much TIME do you spend weekly ON ADVISING STUDY PROGRAMS to students?;1-5 hours.
17-11-2021 11:02;Teacher;55-64 years old.;Germany;Male;Education;Do you agree Skill Scanner would help education institutes to design study programs more EFFECTIVELY?;4
17-11-2021 11:02;Teacher;55-64 years old.;Germany;Male;Education;Do you agree Skill Scanner would help education institutes to design study programs in a more EXPLAINABLE way? ;4
17-11-2021 11:02;Teacher;55-64 years old.;Germany;Male;Education;Do you agree Skill Scanner would help learning institutes to ACCELERATE their study program design processes?;4
17-11-2021 11:02;Teacher;55-64 years old.;Germany;Male;Education;Do you agree Skill Scanner would help education institutes to ADVICE and ATTRACT students by recommending appropriate study programs that fill their SKILL GAPS?;4
17-11-2021 11:02;Teacher;55-64 years old.;Germany;Male;Education;Do you agree Skill Scanner would help students of your education institute in planning their DEVELOPMENT more AUTONOMOUSLY?;4
17-11-2021 11:02;Teacher;55-64 years old.;Germany;Male;Education;Would you USE Skill Scanner in your work?_3;Maybe
17-11-2021 11:02;Teacher;55-64 years old.;Germany;Male;Education;How do you LIKE Skill Scanner's interface?;3
17-11-2021 11:02;Teacher;55-64 years old.;Germany;Male;Education;What's the main reason for your score?;Looks relatively conventional.
17-11-2021 11:02;Teacher;55-64 years old.;Germany;Male;Education;What would you CHANGE in Skill Scanner's interface?;"Use more colour; indicate objective/purpose"
15-11-2021 10:54;Human Resource of Recruitment professional;55-64 jaar.;Nederland;Vrouwelijk;Werkgever;Do you agree AI (Artificial Intelligence) based methods can HELP with RECRUITMENT? (Optional);4
15-11-2021 10:54;Human Resource of Recruitment professional;55-64 jaar.;Nederland;Vrouwelijk;Werkgever;Do you agree AI can help job seekers and employees FIND a fitting STUDY PROGRAM to enhance their skill set? (Optional)_1;4
15-11-2021 10:54;Human Resource of Recruitment professional;55-64 jaar.;Nederland;Vrouwelijk;Werkgever;How much TIME do you spend weekly REVIEWING CVs?;5-10 uur.
15-11-2021 10:54;Human Resource of Recruitment professional;55-64 jaar.;Nederland;Vrouwelijk;Werkgever;How much TIME do you spend weekly REVIEWING applicants' MOTIVATION LETTERS?;1-5 uur.
15-11-2021 10:54;Human Resource of Recruitment professional;55-64 jaar.;Nederland;Vrouwelijk;Werkgever;How much TIME did/do you spend ON FINDING A FITTING TRAINING/COACHING PROGRAM for your employees (the whole process)?;0 uur / niet van toepassing.
15-11-2021 10:54;Human Resource of Recruitment professional;55-64 jaar.;Nederland;Vrouwelijk;Werkgever;Do you agree Skill Scanner would help employers find and select applicants more EFFECTIVELY?;4
15-11-2021 10:54;Human Resource of Recruitment professional;55-64 jaar.;Nederland;Vrouwelijk;Werkgever;Do you agree Skill Scanner would help employers to find and select applicants in a more EXPLAINABLE way? ;3
15-11-2021 10:54;Human Resource of Recruitment professional;55-64 jaar.;Nederland;Vrouwelijk;Werkgever;Do you agree Skill Scanner would help employers to ACCELERATE the recruiting processes?;4
15-11-2021 10:54;Human Resource of Recruitment professional;55-64 jaar.;Nederland;Vrouwelijk;Werkgever;Do you agree Skill Scanner would help employers to find and select applicants in a FAIRER way?;2
15-11-2021 10:54;Human Resource of Recruitment professional;55-64 jaar.;Nederland;Vrouwelijk;Werkgever;Do you agree Skill Scanner helps employers to FIND and SELECT a fitting TRAINING program to fill their employees' SKILL GAPS?;4
15-11-2021 10:54;Human Resource of Recruitment professional;55-64 jaar.;Nederland;Vrouwelijk;Werkgever;Do you agree Skill Scanner would help employees in planning their DEVELOPMENT more AUTONOMOUSLY?;4
15-11-2021 10:54;Human Resource of Recruitment professional;55-64 jaar.;Nederland;Vrouwelijk;Werkgever;Would you USE Skill Scanner in your work?;Misschien
15-11-2021 10:54;Human Resource of Recruitment professional;55-64 jaar.;Nederland;Vrouwelijk;Werkgever;How do you LIKE Skill Scanner's interface?;3
15-11-2021 10:54;Human Resource of Recruitment professional;55-64 jaar.;Nederland;Vrouwelijk;Werkgever;What's the main reason for your score?;ik heb hier nog te weinig inzicht in.
15-11-2021 10:54;Human Resource of Recruitment professional;55-64 jaar.;Nederland;Vrouwelijk;Werkgever;What would you ADD to Skill Scanner's interface? ;de link naar de werkgever
15-11-2021 12:28;Human Resource of Recruitment professional;45-54 jaar.;Nederland;Vrouwelijk;Werkgever;Do you agree AI (Artificial Intelligence) based methods can HELP with RECRUITMENT? (Optional);4
15-11-2021 12:28;Human Resource of Recruitment professional;45-54 jaar.;Nederland;Vrouwelijk;Werkgever;Do you agree AI can help job seekers and employees FIND a fitting STUDY PROGRAM to enhance their skill set? (Optional)_1;4
15-11-2021 12:28;Human Resource of Recruitment professional;45-54 jaar.;Nederland;Vrouwelijk;Werkgever;How much TIME do you spend weekly REVIEWING CVs?;0 uur / niet van toepassing.
15-11-2021 12:28;Human Resource of Recruitment professional;45-54 jaar.;Nederland;Vrouwelijk;Werkgever;How much TIME do you spend weekly REVIEWING applicants' MOTIVATION LETTERS?;0 uur / niet van toepassing.
15-11-2021 12:28;Human Resource of Recruitment professional;45-54 jaar.;Nederland;Vrouwelijk;Werkgever;How much TIME did/do you spend ON FINDING A FITTING TRAINING/COACHING PROGRAM for your employees (the whole process)?;1-5 uur.
15-11-2021 12:28;Human Resource of Recruitment professional;45-54 jaar.;Nederland;Vrouwelijk;Werkgever;Do you agree Skill Scanner would help employers find and select applicants more EFFECTIVELY?;3
15-11-2021 12:28;Human Resource of Recruitment professional;45-54 jaar.;Nederland;Vrouwelijk;Werkgever;Do you agree Skill Scanner would help employers to find and select applicants in a more EXPLAINABLE way? ;3
15-11-2021 12:28;Human Resource of Recruitment professional;45-54 jaar.;Nederland;Vrouwelijk;Werkgever;Do you agree Skill Scanner would help employers to ACCELERATE the recruiting processes?;4
15-11-2021 12:28;Human Resource of Recruitment professional;45-54 jaar.;Nederland;Vrouwelijk;Werkgever;Do you agree Skill Scanner would help employers to find and select applicants in a FAIRER way?;4
15-11-2021 12:28;Human Resource of Recruitment professional;45-54 jaar.;Nederland;Vrouwelijk;Werkgever;Do you agree Skill Scanner helps employers to FIND and SELECT a fitting TRAINING program to fill their employees' SKILL GAPS?;4
15-11-2021 12:28;Human Resource of Recruitment professional;45-54 jaar.;Nederland;Vrouwelijk;Werkgever;Do you agree Skill Scanner would help employees in planning their DEVELOPMENT more AUTONOMOUSLY?;4
15-11-2021 12:28;Human Resource of Recruitment professional;45-54 jaar.;Nederland;Vrouwelijk;Werkgever;Would you USE Skill Scanner in your work?;Misschien
15-11-2021 12:28;Human Resource of Recruitment professional;45-54 jaar.;Nederland;Vrouwelijk;Werkgever;How do you LIKE Skill Scanner's interface?;3
15-11-2021 13:24;Learning and Development professional;25-34 jaar.;Nederland;Vrouwelijk;Werkgever;Do you agree AI (Artificial Intelligence) based methods can HELP with RECRUITMENT? (Optional);3
15-11-2021 13:24;Learning and Development professional;25-34 jaar.;Nederland;Vrouwelijk;Werkgever;Do you agree AI can help job seekers and employees FIND a fitting STUDY PROGRAM to enhance their skill set? (Optional)_1;5
15-11-2021 13:24;Learning and Development professional;25-34 jaar.;Nederland;Vrouwelijk;Werkgever;How much TIME do you spend weekly REVIEWING CVs?;0 uur / niet van toepassing.
15-11-2021 13:24;Learning and Development professional;25-34 jaar.;Nederland;Vrouwelijk;Werkgever;How much TIME do you spend weekly REVIEWING applicants' MOTIVATION LETTERS?;0 uur / niet van toepassing.
15-11-2021 13:24;Learning and Development professional;25-34 jaar.;Nederland;Vrouwelijk;Werkgever;How much TIME did/do you spend ON FINDING A FITTING TRAINING/COACHING PROGRAM for your employees (the whole process)?;meer dan 30 uur.
15-11-2021 13:24;Learning and Development professional;25-34 jaar.;Nederland;Vrouwelijk;Werkgever;Do you agree Skill Scanner would help employers find and select applicants more EFFECTIVELY?;2
15-11-2021 13:24;Learning and Development professional;25-34 jaar.;Nederland;Vrouwelijk;Werkgever;Do you agree Skill Scanner would help employers to find and select applicants in a more EXPLAINABLE way? ;4
15-11-2021 13:24;Learning and Development professional;25-34 jaar.;Nederland;Vrouwelijk;Werkgever;Do you agree Skill Scanner would help employers to ACCELERATE the recruiting processes?;4
15-11-2021 13:24;Learning and Development professional;25-34 jaar.;Nederland;Vrouwelijk;Werkgever;Do you agree Skill Scanner would help employers to find and select applicants in a FAIRER way?;3
15-11-2021 13:24;Learning and Development professional;25-34 jaar.;Nederland;Vrouwelijk;Werkgever;Do you agree Skill Scanner helps employers to FIND and SELECT a fitting TRAINING program to fill their employees' SKILL GAPS?;4
15-11-2021 13:24;Learning and Development professional;25-34 jaar.;Nederland;Vrouwelijk;Werkgever;Do you agree Skill Scanner would help employees in planning their DEVELOPMENT more AUTONOMOUSLY?;3
15-11-2021 13:24;Learning and Development professional;25-34 jaar.;Nederland;Vrouwelijk;Werkgever;Would you USE Skill Scanner in your work?;Ja
15-11-2021 13:24;Learning and Development professional;25-34 jaar.;Nederland;Vrouwelijk;Werkgever;Do you have any ideas for IMPROVEMENT or use cases of Skill Scanner?_2;(Intrinsieke) motivatie voor ontwikkeling en opleiding tbv bepaalde vaardigheden/competentie is cruciaal voor succes en effectief (prestatie)resultaat. Hoe houdt skill scanner hier rekening mee? Aanvullend: er wordt gesproken over vaardigheidstekorten. Waarom niet over het optimaliseren/verbeteren van al bestaand talent en perfect passende vaardigheden? (appreciative inquiry)?
15-11-2021 13:24;Learning and Development professional;25-34 jaar.;Nederland;Vrouwelijk;Werkgever;How do you LIKE Skill Scanner's interface?;3
15-11-2021 13:24;Learning and Development professional;25-34 jaar.;Nederland;Vrouwelijk;Werkgever;What's the main reason for your score?;Niet aantrekkelijk vormgegeven (lettertype, kleurgebruik..)
15-11-2021 16:59;Learning and Development professional;25-34 jaar.;Nederland;Vrouwelijk;Werkgever;Do you agree AI (Artificial Intelligence) based methods can HELP with RECRUITMENT? (Optional);4
15-11-2021 16:59;Learning and Development professional;25-34 jaar.;Nederland;Vrouwelijk;Werkgever;Do you agree AI can help job seekers and employees FIND a fitting STUDY PROGRAM to enhance their skill set? (Optional)_1;4
15-11-2021 16:59;Learning and Development professional;25-34 jaar.;Nederland;Vrouwelijk;Werkgever;How much TIME do you spend weekly REVIEWING CVs?;0 uur / niet van toepassing.
15-11-2021 16:59;Learning and Development professional;25-34 jaar.;Nederland;Vrouwelijk;Werkgever;How much TIME do you spend weekly REVIEWING applicants' MOTIVATION LETTERS?;0 uur / niet van toepassing.
15-11-2021 16:59;Learning and Development professional;25-34 jaar.;Nederland;Vrouwelijk;Werkgever;How much TIME did/do you spend ON FINDING A FITTING TRAINING/COACHING PROGRAM for your employees (the whole process)?;1-5 uur.
15-11-2021 16:59;Learning and Development professional;25-34 jaar.;Nederland;Vrouwelijk;Werkgever;Do you agree Skill Scanner would help employers find and select applicants more EFFECTIVELY?;3
15-11-2021 16:59;Learning and Development professional;25-34 jaar.;Nederland;Vrouwelijk;Werkgever;Do you agree Skill Scanner would help employers to find and select applicants in a more EXPLAINABLE way? ;3
15-11-2021 16:59;Learning and Development professional;25-34 jaar.;Nederland;Vrouwelijk;Werkgever;Do you agree Skill Scanner would help employers to ACCELERATE the recruiting processes?;4
15-11-2021 16:59;Learning and Development professional;25-34 jaar.;Nederland;Vrouwelijk;Werkgever;Do you agree Skill Scanner would help employers to find and select applicants in a FAIRER way?;3
15-11-2021 16:59;Learning and Development professional;25-34 jaar.;Nederland;Vrouwelijk;Werkgever;Do you agree Skill Scanner helps employers to FIND and SELECT a fitting TRAINING program to fill their employees' SKILL GAPS?;2
15-11-2021 16:59;Learning and Development professional;25-34 jaar.;Nederland;Vrouwelijk;Werkgever;Do you agree Skill Scanner would help employees in planning their DEVELOPMENT more AUTONOMOUSLY?;2
15-11-2021 16:59;Learning and Development professional;25-34 jaar.;Nederland;Vrouwelijk;Werkgever;Would you USE Skill Scanner in your work?;Nee
15-11-2021 16:59;Learning and Development professional;25-34 jaar.;Nederland;Vrouwelijk;Werkgever;How do you LIKE Skill Scanner's interface?;3
15-11-2021 16:59;Learning and Development professional;25-34 jaar.;Nederland;Vrouwelijk;Werkgever;What's the main reason for your score?;Opzich gebruiksvriendelijk, maar de look en feel is niet heel bijzonder. 
15-11-2021 16:59;Learning and Development professional;25-34 jaar.;Nederland;Vrouwelijk;Werkgever;What would you CHANGE in Skill Scanner's interface?;Look & feel
15-11-2021 16:59;Learning and Development professional;25-34 jaar.;Nederland;Vrouwelijk;Werkgever;What would you ADD to Skill Scanner's interface? ;Voorbeelden
